X,Y,id,nom_estab,raz_social,codigo_act,nombre_act,per_ocu,tipo_vial,nom_vial,tipo_v_e_1,nom_v_e_1,tipo_v_e_2,nom_v_e_2,tipo_v_e_3,nom_v_e_3,numero_ext,letra_ext,edificio,edificio_e,numero_int,letra_int,tipo_asent,nomb_asent,tipoCenCom,nom_CenCom,num_local,cod_postal,cve_ent,entidad,cve_mun,municipio,cve_loc,localidad,ageb,manzana,telefono,correoelec,www,tipoUniEco,latitud,longitud,fecha_alta,MUNI
-99.06511769,19.45315867,819277,ANTOJITOS LA OAXAQUENA,,722513,Restaurantes con servicio de preparaciOn de antojitos,0 a 5 personas,CALLE,SEGUNDA CERRADA 625,CALLE,625,CALLE,633,CALLE,633,336,,,,,215 Y 216,COLONIA,SAN JUAN DE ARAGON IV Y V,,MERCADO CUARTA Y QUINTA,,07979,09,CIUDAD DE MEXICO,005,Gustavo A. Madero,0001,Gustavo A. Madero,2409,004,,,,Fijo,19.45315867,-99.06511769,01JUL10:00:00:00,GUSTAVO_A._MADERO
-99.03357356,19.29115362,1046979,ANTOJITOS LA OAXAQUENA,,722513,Restaurantes con servicio de preparaciOn de antojitos,0 a 5 personas,CALLE,LORENZO PEREZ CASTRO,,AGUSTIN DIAZ,,CARLOS BEJARAN,CALLE,EMILIO LAURENT,,SN,,,,,COLONIA,LA CONCHITA ZAPOTITLAN,,,,13360,09,CIUDAD DE MEXICO,011,TlAhuac,0001,TlAhuac,065A,005,,,,Fijo,19.29115362,-99.03357356,01JUL10:00:00:00,TLAHUAC
-99.14195776,19.30339894,990487,ANTOJITOS LA OAXAQUENA COCINA ECONOMICA,,722518,Restaurantes que preparan otro tipo de alimentos para llevar,0 a 5 personas,CALLE,EJIDO,ANDADOR,CUARTA PRIVADA EJIDO,CALLE,FRANCISCO I. MADERO,CALLE,BENITO JUAREZ,19,,,,,,COLONIA,VIEJO EJIDO DE SANTA URSULA,,,,04650,09,CIUDAD DE MEXICO,003,CoyoacAn,0001,CoyoacAn,1425,031,5556777375,,,Fijo,19.30339894,-99.14195776,01JUL10:00:00:00,COYOACAN
-99.04429253,19.39220074,728046,ANTOJITOS OAXAQUENCES,,722513,Restaurantes con servicio de preparaciOn de antojitos,0 a 5 personas,CALLE,CORONEL BENITO S. ZENEA,CALLE,PABLO GARCIA,CALLE,GENERAL JUAN ENRIQUEZ,CALLE,JOSE ZUBIETA,,SN,,,158,,COLONIA,JUAN ESCUTIA,,,,09100,09,CIUDAD DE MEXICO,007,Iztapalapa,0001,Iztapalapa,0089,005,,,,Fijo,19.39220074,-99.04429253,01DEC14:00:00:00,IZTAPALAPA
-99.09775869,19.43307212,694951,ANTOJITOS OAXAQUENOS,,722513,Restaurantes con servicio de preparaciOn de antojitos,0 a 5 personas,CALLE,DEL MERCADO,CALLE,ORIENTE 164,CALLE,ORIENTE 158,CALLE,NORTE 21,,SN,,,500,501 502 5,COLONIA,MOCTEZUMA 2DA SECCION,,,,15530,09,CIUDAD DE MEXICO,017,Venustiano Carranza,0001,Venustiano Carranza,055A,026,5555716510,,,Fijo,19.43307212,-99.09775869,01DEC14:00:00:00,VENUSTIANO_CARRANZA
-99.09777138,19.48816225,762216,ANTOJITOS OAXAQUENOS,,722513,Restaurantes con servicio de preparaciOn de antojitos,6 a 10 personas,CALLE,ORIENTE 157,CALLE,NORTE 72,CALLE,NORTE 70,CALLE,ORIENTE 155,3611,,,,,,COLONIA,SALVADOR DIAZ MIRON,,,,07400,09,CIUDAD DE MEXICO,005,Gustavo A. Madero,0001,Gustavo A. Madero,2907,005,,,,Fijo,19.48816225,-99.09777138,01DEC14:00:00:00,GUSTAVO_A._MADERO
-99.09231269,19.43200465,662161,ANTOJITOS OAXAQUENOS GUELAGUETZA,,722513,Restaurantes con servicio de preparaciOn de antojitos,0 a 5 personas,CALLE,ORIENTE 178,CALLE,NORTE 25,CALLE,NORTE 29,CALLE,ORIENTE 176,336,,,1,,SN,COLONIA,MOCTEZUMA 2DA SECCION,,,,15530,09,CIUDAD DE MEXICO,017,Venustiano Carranza,0001,Venustiano Carranza,0672,001,5557626779,,,Fijo,19.43200465,-99.09231269,01JUL10:00:00:00,VENUSTIANO_CARRANZA
-99.12195245,19.4080179,705987,ANTOJITOS OAXAQUENOS SIN NOMBRE,,722513,Restaurantes con servicio de preparaciOn de antojitos,0 a 5 personas,EJE VIAL,2 ORIENTE (HONORABLE CON,CALLE,GUILLERMO PRIETO,EJE VIAL,3 SUR (MORELOS),AVENIDA,1 ORIENTE (CALZADA DE LA VIGA),,SN,,,678,,COLONIA,JAMAICA,MERCADO PUBLICO,MERCADO JAMAICA VIVE,"678, 67",15800,09,CIUDAD DE MEXICO,017,Venustiano Carranza,0001,Venustiano Carranza,1399,001,,,,Fijo,19.4080179,-99.12195245,01DEC14:00:00:00,VENUSTIANO_CARRANZA
-99.16897091,19.42411305,658903,BARRO NEGRO COCINA OAXAQUENA Y MEXICANA,"NIRVANE ASOCIADOS, S.A.P.I.",722511,Restaurantes con servicio de preparaciOn de alimentos a la carta o de comida corrida,11 a 30 personas,CALLE,HAMBURGO,CALLE,VARSOVIA,CALLE,PRAGA,CALLE,LONDRES,214,,,PLANTA BAJA,,,COLONIA,JUAREZ,,,,06600,09,CIUDAD DE MEXICO,015,CuauhtEmoc,0001,CuauhtEmoc,0983,005,5555254194,,,Fijo,19.42411305,-99.16897091,01JUL10:00:00:00,CUAUHTEMOC
-99.15949543,19.42874507,895618,BISTRO OAXACA,,722511,Restaurantes con servicio de preparaciOn de alimentos a la carta o de comida corrida,6 a 10 personas,CALLE,HAMBURGO,CALLE,NAPOLES,CALLE,DINAMARCA,AVENIDA,INSURGENTES CENTRO,23,,23,PLANTA BAJA,,,COLONIA,JUAREZ,,,,06600,09,CIUDAD DE MEXICO,015,CuauhtEmoc,0001,CuauhtEmoc,0803,004,5555100007,,,Fijo,19.42874507,-99.15949543,01DEC14:00:00:00,CUAUHTEMOC
-99.14853226,19.35094896,988794,COCINA COMIDA OAXAQUENA,,722518,Restaurantes que preparan otro tipo de alimentos para llevar,0 a 5 personas,CALLE,PAZ MONTES DE OCA,CALLE,JOSE MARIA GONZALEZ,CALLE,HEROES DEL 47,CALLE,PATINADORES,11,,,,,SN,COLONIA,SAN MATEO,,,A,04210,09,CIUDAD DE MEXICO,003,CoyoacAn,0001,CoyoacAn,0060,011,,,,Fijo,19.35094896,-99.14853226,01JUL10:00:00:00,COYOACAN
-99.01153794,19.25714879,957383,COCINA ECONOMICA EL RINCONCITO OAXAQUENO,,722518,Restaurantes que preparan otro tipo de alimentos para llevar,0 a 5 personas,CALLE,LAS GARZAS,AVENIDA,CANAL NACIONAL CHALCO-AMECAMECA,CALLE,LAS GARZAS,CALLE,LAS GARZAS,,SN,,,,SN,COLONIA,SAN ISIDRO,,,,13094,09,CIUDAD DE MEXICO,011,TlAhuac,0001,TlAhuac,1431,025,,,,Fijo,19.25714879,-99.01153794,01JUL10:00:00:00,TLAHUAC
-99.07742361,19.38729188,741958,COCINA ECONOMICA LA FLOR DE OAXACA,,722511,Restaurantes con servicio de preparaciOn de alimentos a la carta o de comida corrida,0 a 5 personas,AVENIDA,PLAZA MAYOR,CALLE,PLAZA VIZCAINAS,CALLE,PLAZA LORETO,CALLE,PLAZA VIZCAINAS,,SN,,,3,,COLONIA,DOCTOR ALFONSO ORTIZ TIRADO,,DOCTOR ALFONSO ORTIZ TIRADO,,09020,09,CIUDAD DE MEXICO,007,Iztapalapa,0001,Iztapalapa,2390,016,,,,Fijo,19.38729188,-99.07742361,01JUL10:00:00:00,IZTAPALAPA
-99.20160792,19.22638545,915215,COCINA ECONOMICA LA OAXAQUENA,,722518,Restaurantes que preparan otro tipo de alimentos para llevar,0 a 5 personas,CALLE,MARIANO MATAMOROS,CALLE,MARIANO ESCOBEDO,CALLE,NARCISO MENDOZA,CALLE,GENERAL PEDRO MARIA ANAYA,,SN,,,,SN,PUEBLO,SAN MIGUEL AJUSCO,,,,14700,09,CIUDAD DE MEXICO,012,Tlalpan,0026,San Miguel Ajusco,1674,011,5558461808,,,Fijo,19.22638545,-99.20160792,01DEC14:00:00:00,TLALPAN
-99.12706588,19.43598046,977140,COCINA ECONOMICA LA OAXAQUENA,LA OAXAQUENA,722516,Restaurantes de autoservicio,6 a 10 personas,CALLE,SAN ANTONIO TOMATLAN,CALLE,RODRIGUEZ PUEBLA,CALLE,LEONA VICARIO,CALLE,SAN ANTONIO TOMATLAN,10,,,,68,,COLONIA,CENTRO,PLAZUELA COMERCIAL,PLAZA COMERCIAL,68,06020,09,CIUDAD DE MEXICO,015,CuauhtEmoc,0001,CuauhtEmoc,0663,006,5557028313,,,Fijo,19.43598046,-99.12706588,01JUL10:00:00:00,CUAUHTEMOC
-99.04105969,19.29225571,946265,COCINA ECONOMICA LA OAXAQUENA,,722518,Restaurantes que preparan otro tipo de alimentos para llevar,0 a 5 personas,AVENIDA,CALZADA GUILLERMO PRIETO,CALLE,AGUSTIN DIAZ,CALLE,DOMINGO ALVARADO,CALLE,LAZARO CARDENAS,175,,,,,SN,COLONIA,LA CONCHITA ZAPOTITLAN,,,,13360,09,CIUDAD DE MEXICO,011,TlAhuac,0001,TlAhuac,0927,021,,,,Fijo,19.29225571,-99.04105969,01DEC14:00:00:00,TLAHUAC
-99.10438145,19.31473194,985705,COCINA ECONOMICA LA OAXAQUENA,,722518,Restaurantes que preparan otro tipo de alimentos para llevar,0 a 5 personas,CALLE,DOLORES GUERRERO,CALLE,MANUELA MEDINA,CALLE,ROSARIO CASTELLANOS,PRIVADA,ESTACIONAMIENTO,,SN,,2,,,COLONIA,CTM CULHUACAN VIII,MERCADO PUBLICO,MERCADO VERDE,149,04480,09,CIUDAD DE MEXICO,003,CoyoacAn,0001,CoyoacAn,1497,007,,,,Fijo,19.31473194,-99.10438145,01JUL10:00:00:00,COYOACAN
-99.14626298,19.33896685,970507,COCINA ECONOMICA LA OAXAQUENA,,722518,Restaurantes que preparan otro tipo de alimentos para llevar,0 a 5 personas,CALLE,ANILLO DE CIRCUNVALACION,CALLE,CENTRAL,CALLE,KRAMER,AVENIDA,DIVISION DEL NORTE,116,,,,,SN,COLONIA,ATLANTIDA,,,,04370,09,CIUDAD DE MEXICO,003,CoyoacAn,0001,CoyoacAn,0304,001,,,,Fijo,19.33896685,-99.14626298,01JUL10:00:00:00,COYOACAN
-99.22370178,19.29925183,912892,COCINA ECONOMICA LA OAXAQUENITA,,722518,Restaurantes que preparan otro tipo de alimentos para llevar,0 a 5 personas,CALLE,IZAMAL,CALLE,YAXKUKUL,CALLE,TUNKAS,CALLE,AKIL,5,MZ 9,,,,,COLONIA,POPULAR SANTA TERESA,,,,14280,09,CIUDAD DE MEXICO,012,Tlalpan,0001,Tlalpan,1369,004,5530894336,,,Fijo,19.29925183,-99.22370178,01DEC14:00:00:00,TLALPAN
-99.11980805,19.36173501,659088,COCINA ECONOMICA LAS FLORES Y EL CANTO DE OAXACA,,722511,Restaurantes con servicio de preparaciOn de alimentos a la carta o de comida corrida,0 a 5 personas,CALLE,SUR 103,CALLE,ATANACIO G. SARAVIA,CALLE,RODOLFO USIGLI,CALLE,SUR 103,403,,,,,,COLONIA,HEROES DE CHURUBUSCO,,,,09090,09,CIUDAD DE MEXICO,007,Iztapalapa,0001,Iztapalapa,0939,006,5547557997,,,Fijo,19.36173501,-99.11980805,01JUL10:00:00:00,IZTAPALAPA
-99.13232891,19.42991147,888994,COCINA ECONOMICA LOS MIXES,,722511,Restaurantes con servicio de preparaciOn de alimentos a la carta o de comida corrida,6 a 10 personas,CALLE,REPUBLICA DE URUGUAY,AVENIDA,JOSE MARIA PINO SUAREZ,CALLE,TABAQUEROS,CALLE,VENUSTIANO CARRANZA,112,,,PRIMER PISO,3,,COLONIA,CENTRO,PLAZUELA COMERCIAL,PLAZA EN NUEVO VOLADO,3,06060,09,CIUDAD DE MEXICO,015,CuauhtEmoc,0001,CuauhtEmoc,0907,015,,,,Fijo,19.42991147,-99.13232891,01DEC14:00:00:00,CUAUHTEMOC
-99.06529355,19.42490709,696388,COCINA ECONOMICO EL SABOR DE OAXACA,,722518,Restaurantes que preparan otro tipo de alimentos para llevar,0 a 5 personas,CALLE,MOCTEZUMA,CALLE,NEZAHUALCOYOTL,CALLE,CIRCUNVALACION,CALLE,CUAUHTEMOC,21,,,,,,COLONIA,ARENAL 1RA SECCION,,,,15600,09,CIUDAD DE MEXICO,017,Venustiano Carranza,0001,Venustiano Carranza,0812,019,5565906725,,,Fijo,19.42490709,-99.06529355,01DEC14:00:00:00,VENUSTIANO_CARRANZA
-99.11989534,19.32637021,978549,COCINA LA OAXAQUENA,,722511,Restaurantes con servicio de preparaciOn de alimentos a la carta o de comida corrida,0 a 5 personas,CALLE,ROSA MARIA SEQUEIRA,CALLE,JULIO LOPEZ CHAVEZ,CALLE,ROSA MARIA SEQUEIRA,CALLE,MANUELA SAENZ,90,,,PLANTA BAJA,,,COLONIA,UNIDAD CTM CULHUACAN,,MERCALLI SIGLO XXI,T27,04460,09,CIUDAD DE MEXICO,003,CoyoacAn,0001,CoyoacAn,1745,018,,,,Fijo,19.32637021,-99.11989534,01JUL10:00:00:00,COYOACAN
-99.17469026,19.38958102,870964,COCINA LA OAXAQUENA,,722511,Restaurantes con servicio de preparaciOn de alimentos a la carta o de comida corrida,0 a 5 personas,CALLE,NEBRASKA,CALLE,GEORGIA,CALLE,EUGENIA,AVENIDA,INSURGENTES SUR,31,,,,,,COLONIA,NAPOLES,,,,03810,09,CIUDAD DE MEXICO,014,Benito JuArez,0001,Benito JuArez,0384,003,5555362562,,,Fijo,19.38958102,-99.17469026,01JUL10:00:00:00,BENITO_JUAREZ
-99.12999231,19.45985658,852210,COCINA LAS OAXAQUENAS,,722518,Restaurantes que preparan otro tipo de alimentos para llevar,0 a 5 personas,CALLE,LUDWING VAN BEETHOVEN,CALLE,ADELINA PATTI,CALLE,RICHARD WAGNER,CALLE,RICHARD WAGNER,17,,753,,753,,COLONIA,PERALVILLO,MERCADO PUBLICO,MERCADO BEETHOVEN,753,06220,09,CIUDAD DE MEXICO,015,CuauhtEmoc,0001,CuauhtEmoc,0112,008,5557820733,,,Fijo,19.45985658,-99.12999231,01JUL10:00:00:00,CUAUHTEMOC
-99.14070453,19.30176159,990370,COCINA LOS SABORES DE OAXACA,,722518,Restaurantes que preparan otro tipo de alimentos para llevar,0 a 5 personas,AVENIDA,BORDO,CALLE,BELGICA,CALLE,EJIDO,CALLE,BRUCELAS,34,,,,,,COLONIA,VIEJO EJIDO DE SANTA URSULA,,,,04650,09,CIUDAD DE MEXICO,003,CoyoacAn,0001,CoyoacAn,1425,029,,,,Fijo,19.30176159,-99.14070453,01JUL10:00:00:00,COYOACAN
-99.15686891,19.40658805,958643,COCINA OAXACA,,722518,Restaurantes que preparan otro tipo de alimentos para llevar,0 a 5 personas,CALLE,TOLUCA,EJE VIAL,3 SUR (AVENIDA BAJA CALIFORNIA),CALLE,IXTLAN,CALLE,URES,31,,,,,,COLONIA,ROMA SUR,,,,06760,09,CIUDAD DE MEXICO,015,CuauhtEmoc,0001,CuauhtEmoc,1479,009,5555645050,,,Fijo,19.40658805,-99.15686891,01JUL10:00:00:00,CUAUHTEMOC
-99.09693204,19.45169973,677617,COCINA OAXAQUENA,,722518,Restaurantes que preparan otro tipo de alimentos para llevar,0 a 5 personas,CALLE,DOLARES,AVENIDA,RIO CONSULADO CIRCUITO INTERIOR,CALLE,CAIRO,CALLE,GUINEAS,,SN,,,,,COLONIA,FERNANDO CASAS ALEMAN,,,,07960,09,CIUDAD DE MEXICO,005,Gustavo A. Madero,0001,Gustavo A. Madero,2305,008,,,,Fijo,19.45169973,-99.09693204,01DEC14:00:00:00,GUSTAVO_A._MADERO
-99.12115712,19.42771842,702883,COCINA OAXAQUENA MATY,,722513,Restaurantes con servicio de preparaciOn de antojitos,0 a 5 personas,CALLE,GENERAL ANAYA,CALLE,JUAN DE LA GRANJA,CALLE,SAN CIPRIAN,CALLE,CERRADA SAN CIPRIAN,,SN,,,7,,COLONIA,ZONA CENTRO 1,MERCADO PUBLICO,SAN CIPRIAN,ND 7 Y,15100,09,CIUDAD DE MEXICO,017,Venustiano Carranza,0001,Venustiano Carranza,0583,004,,,,Fijo,19.42771842,-99.12115712,01DEC14:00:00:00,VENUSTIANO_CARRANZA
-99.00387411,19.36653805,773724,COCINA OAXAQUENA ORQUIDEA,,722511,Restaurantes con servicio de preparaciOn de alimentos a la carta o de comida corrida,0 a 5 personas,CALLE,JESUS CARRILLO,CALZADA,IGNACIO ZARAGOZA,CALLE,NINGUNO,CALLE,OCTAVIO PAZ,3254,,,,,LOCAL FF-,COLONIA,SANTA MARTHA ACATITLA,CENTRO O PLAZA COME,LA PLAZA DEL SALADO,FF-04,09510,09,CIUDAD DE MEXICO,007,Iztapalapa,0001,Iztapalapa,5107,002,5557388251,,,Fijo,19.36653805,-99.00387411,01DEC14:00:00:00,IZTAPALAPA
-99.18603782,19.44988168,756773,COCINA OAXAQUENA VICKY LOC 48 Y 42,,722518,Restaurantes que preparan otro tipo de alimentos para llevar,0 a 5 personas,CALLE,LAGO GARDA,CALLE,LAGO CONSTANZA,CALLE,LAGO MAYOR,CALLE,SEGUNDO CALLEJON LAGO MAYOR,93,,,,42,Y 48,COLONIA,ANAHUAC,,GARDA,,11320,09,CIUDAD DE MEXICO,016,Miguel Hidalgo,0001,Miguel Hidalgo,0270,010,,,,Fijo,19.44988168,-99.18603782,01JUL10:00:00:00,MIGUEL_HIDALGO
-99.13707978,19.45774412,853333,COMIDA CORRIDA LA OAXAQUENA,,722518,Restaurantes que preparan otro tipo de alimentos para llevar,0 a 5 personas,CALLE,GIOACCHINO ROSSINI,PASAJE,CENTRAL (LAZARO CARDENAS),CALLE,JUAN SEBASTIAN BACH,CALLE,PIETRO MASCAGUI,131,,,,8,,COLONIA,EXHIPODROMO DE PERALVILLO,MERCADO PUBLICO,MERCADO JUAN SARABIA,8,06250,09,CIUDAD DE MEXICO,015,CuauhtEmoc,0001,CuauhtEmoc,0095,011,,,,Fijo,19.45774412,-99.13707978,01DEC14:00:00:00,CUAUHTEMOC
-99.09990168,19.50972425,753990,COMIDA CORRIDA LAS OAXAQUENAS,,722511,Restaurantes con servicio de preparaciOn de alimentos a la carta o de comida corrida,0 a 5 personas,CALLE,AVENIDA FERNANDO AMILPA,RETORNO,ROBERTO GOMEZ MUNOZ,CALLE,AVENIDA LUIS YUREN,ANDADOR,1,58,,,,,,COLONIA,CTM EL RISCO,,,,07090,09,CIUDAD DE MEXICO,005,Gustavo A. Madero,0001,Gustavo A. Madero,263A,013,5550279994,,,Fijo,19.50972425,-99.09990168,01JUL10:00:00:00,GUSTAVO_A._MADERO
-98.99079472,19.34285741,821381,COMIDAS LA OAXAQUENA,,722518,Restaurantes que preparan otro tipo de alimentos para llevar,0 a 5 personas,CALLE,CERRADA NARDOS,CALLE,CERRADA NARDOS,CALLE,GENARO VAZQUEZ,CALLE,GENARO VAZQUEZ,1,SN,,,,,COLONIA,SAN MIGUEL TEOTONGO,MERCADO PUBLICO,MERCADO LA CRUZ,19,09630,09,CIUDAD DE MEXICO,007,Iztapalapa,0001,Iztapalapa,294A,015,,,,Fijo,19.34285741,-98.99079472,01JUL10:00:00:00,IZTAPALAPA
-99.16130981,19.34877831,1014963,EL PORTON OAXAQUENO,EL PORTON OAXAQUENO,722511,Restaurantes con servicio de preparaciOn de alimentos a la carta o de comida corrida,0 a 5 personas,CALLE,HIGUERA,CALLE,FRANCISCO FIGURACO,CALLE,CABALLO CALCO,CALLE,VENUSTIANO CARRANZA,19,,,,,,COLONIA,BARRIO DE LA CONCEPCION,,,,04020,09,CIUDAD DE MEXICO,003,CoyoacAn,0001,CoyoacAn,0145,004,5556596760,,,Fijo,19.34877831,-99.16130981,01DEC14:00:00:00,COYOACAN
-99.14755304,19.38826336,964712,EL RINCON OAXAQUENO,,722514,Restaurantes con servicio de preparaciOn de tacos y tortas,0 a 5 personas,CALLE,PRIVADA JUAN DE OCA,EJE VIAL,CENTRAL LAZARO CARDENAS,CALLE,CASAS GRANDES,EJE VIAL,CENTRAL LAZARO CARDENAS,,SN,,,,,COLONIA,NARVARTE PONIENTE,,SANTA MARIA NATIVITAS,49 Y 94,03020,09,CIUDAD DE MEXICO,014,Benito JuArez,0001,Benito JuArez,0276,017,,,,Fijo,19.38826336,-99.14755304,01JUL10:00:00:00,BENITO_JUAREZ
-99.22077616,19.38724742,1050649,FONDA LA OAXAQUENA,,722511,Restaurantes con servicio de preparaciOn de alimentos a la carta o de comida corrida,0 a 5 personas,AVENIDA,CAMINO A SANTA FE,CALLE,ANDADOR 2,CALLE,ANDADOR 1,CALLE,ANDADOR 3,524,,,,,,COLONIA,LOMAS DE BECERRA,,,,01279,09,CIUDAD DE MEXICO,010,Alvaro ObregOn,0001,Alvaro ObregOn,0173,023,5526143797,,,Fijo,19.38724742,-99.22077616,01JUL10:00:00:00,ALVARO_OBREGON
-99.17329807,19.32755271,993677,FONDA LA OAXAQUENA,,722518,Restaurantes que preparan otro tipo de alimentos para llevar,0 a 5 personas,CALLE,DALIAS,CERRADA,LAURELES,CALLE,JAZMIN,AVENIDA,ANACAHUITA,111,,,,,,COLONIA,PEDREGAL DE SANTO DOMINGO,,,,04369,09,CIUDAD DE MEXICO,003,CoyoacAn,0001,CoyoacAn,061A,007,5556197207,,,Fijo,19.32755271,-99.17329807,01DEC14:00:00:00,COYOACAN
-99.15346992,19.44096625,877385,FONDA OAXAQUENA,,722518,Restaurantes que preparan otro tipo de alimentos para llevar,0 a 5 personas,CALLE,HEROES FERROCARRILEROS,CALLE,BUENAVISTA,CALLE,BERNAL DIAZ,CALLE,OROZCO Y BERRA,6,2-B,,,,,COLONIA,BUENAVISTA,,,,06350,09,CIUDAD DE MEXICO,015,CuauhtEmoc,0001,CuauhtEmoc,049A,015,,,,Fijo,19.44096625,-99.15346992,01JUL10:00:00:00,CUAUHTEMOC
-99.20352699,19.43233079,762831,GUZINA OAXACA,"OAXACA CUSINE, S.A. DE C.V.",722511,Restaurantes con servicio de preparaciOn de alimentos a la carta o de comida corrida,0 a 5 personas,AVENIDA,PRESIDENTE MASARYK,CALLE,PLATON,CALLE,SOCRATES,AVENIDA,CICERON,513,,,,,,COLONIA,LOS MORALES SECCION ALAMEDA,,,,11530,09,CIUDAD DE MEXICO,016,Miguel Hidalgo,0001,Miguel Hidalgo,0637,014,5552821820,EVIRUELL@GUZINAOAXACA.COM,WWW.GUZINAOAXACA.COM.MX,Fijo,19.43233079,-99.20352699,01JUL10:00:00:00,MIGUEL_HIDALGO
-99.17664641,19.2999089,857686,KARLITA MIXE,,722514,Restaurantes con servicio de preparaciOn de tacos y tortas,0 a 5 personas,CALLE,PRIMERA NORTE,CERRADA,PIEDRA DE ACEITE,CALLE,3 PONIENTE,,NINGUNO,5,LT 5,,,,,COLONIA,ISIDRO FABELA,,,,14030,09,CIUDAD DE MEXICO,012,Tlalpan,0001,Tlalpan,0125,004,5555285589,,,Fijo,19.2999089,-99.17664641,01JUL10:00:00:00,TLALPAN
-99.08373618,19.39367501,802656,LA FLOR DE OAXACA,,722513,Restaurantes con servicio de preparaciOn de antojitos,0 a 5 personas,CALLE,SUR 20,CALLE,ORIENTE 219,CALLE,ORIENTE 217,EJE VIAL,3 SUR (FERROCARRIL DE RIO FRIO),59,,,,,,COLONIA,AGRICOLA ORIENTAL,,,,08500,09,CIUDAD DE MEXICO,006,Iztacalco,0001,Iztacalco,0503,007,,,,Fijo,19.39367501,-99.08373618,01JUL10:00:00:00,IZTACALCO
-99.13596399,19.38756573,969100,LA FLOR DE OAXACA COCINA ECONOMICA,,722511,Restaurantes con servicio de preparaciOn de alimentos a la carta o de comida corrida,6 a 10 personas,CALLE,RUBEN M. CAMPOS,CALLE,PEDRO SANTACILIA,CALLE,JAVIER SORONDO,CALLE,LUIS GONZAGA INCLAN,2712,D,,,,E,COLONIA,VILLA DE CORTES,,,,03530,09,CIUDAD DE MEXICO,014,Benito JuArez,0001,Benito JuArez,0327,001,5555790671,,,Fijo,19.38756573,-99.13596399,01JUL10:00:00:00,BENITO_JUAREZ
-99.20140986,19.36635608,926050,LA LUPITA AYUUK,,722514,Restaurantes con servicio de preparaciOn de tacos y tortas,6 a 10 personas,AVENIDA,CENTENARIO,CALLE,GUADALUPE HIDALGO,CALLE,CUAJIMALPA,CALLE,FRANCISCO DE P. MIRANDA,205,,,,,SN,CONJUNTO HAB,LOMAS DE PLATEROS,,,,01480,09,CIUDAD DE MEXICO,010,Alvaro ObregOn,0001,Alvaro ObregOn,0756,008,5556516077,,,Fijo,19.36635608,-99.20140986,01JUL10:00:00:00,ALVARO_OBREGON
-99.1244807,19.47763335,783525,LA OAXAQUENA,,722514,Restaurantes con servicio de preparaciOn de tacos y tortas,0 a 5 personas,CALLE,CERRADA MERCADO LA INDUS,CALLE,UNION,CALLE,CONSTANCIA,CALLE,CONSTANCIA,,SN,,,,85,COLONIA,INDUSTRIAL,,,,07800,09,CIUDAD DE MEXICO,005,Gustavo A. Madero,0001,Gustavo A. Madero,1595,026,,,,Fijo,19.47763335,-99.1244807,01JUL10:00:00:00,GUSTAVO_A._MADERO
-99.14254161,19.36754511,974916,LA OAXAQUENA,"LA OAXAQUENA DE DONA ELISA, S.A. DE C.V.",722511,Restaurantes con servicio de preparaciOn de alimentos a la carta o de comida corrida,11 a 30 personas,CALLE,AJUSCO,EJE VIAL,7 SUR (MUNICIPIO LIBRE),CALLE,ANTILLAS,EJE VIAL,7 SUR (MUNICIPIO LIBRE),9,,,,,,COLONIA,PORTALES NORTE,,,,03303,09,CIUDAD DE MEXICO,014,Benito JuArez,0001,Benito JuArez,0863,027,5555397371,,,Fijo,19.36754511,-99.14254161,01JUL10:00:00:00,BENITO_JUAREZ
-99.14365305,19.37125537,964266,LA OAXAQUENA,,722511,Restaurantes con servicio de preparaciOn de alimentos a la carta o de comida corrida,6 a 10 personas,CALLE,SANTA CRUZ,CALLE,JUAN ESCUTIA,CALLE,CINCO DE FEBRERO,CALLE,LIBERTAD,,SN,,,,SN,COLONIA,SAN SIMON TICUMAC,MERCADO PUBLICO,MERCADO 30 PORTALES,69 70 7,03660,09,CIUDAD DE MEXICO,014,Benito JuArez,0001,Benito JuArez,0651,030,5556720892,,,Fijo,19.37125537,-99.14365305,01JUL10:00:00:00,BENITO_JUAREZ
-99.14090824,19.31860548,906779,LA OAXAQUENA,,722511,Restaurantes con servicio de preparaciOn de alimentos a la carta o de comida corrida,0 a 5 personas,CALLE,CALIZ,PRIVADA,TERCERA CALIZ,PRIVADA,PRIMERA CALIZ,CALLE,XOCHITL,1,,,,,,COLONIA,EL RELOJ,,,,04640,09,CIUDAD DE MEXICO,003,CoyoacAn,0001,CoyoacAn,0677,008,,,,Fijo,19.31860548,-99.14090824,01DEC14:00:00:00,COYOACAN
-99.13239841,19.42814285,1018676,LA OAXAQUENA,,722511,Restaurantes con servicio de preparaciOn de alimentos a la carta o de comida corrida,6 a 10 personas,CALLE,MESONES,CALLEJON,SEGUNDO MESONES,AVENIDA,JOSE MARIA PINO SUAREZ,CALLE,REGINA,129,,,,,SN,COLONIA,CENTRO,CENTRO O PLAZA COME,PLAZA MESONES,LOCAL S,06010,09,CIUDAD DE MEXICO,015,CuauhtEmoc,0001,CuauhtEmoc,0907,004,5521475363,,,Fijo,19.42814285,-99.13239841,01JUL10:00:00:00,CUAUHTEMOC
-99.1794893,19.41350884,866487,LA OAXAQUENA,,722511,Restaurantes con servicio de preparaciOn de alimentos a la carta o de comida corrida,0 a 5 personas,CALLE,VICENTE SUAREZ,CALLE,PACHUCA,CALLE,ZAMORA,CALLE,FRANCISCO MARQUEZ,150,A,,,,,COLONIA,CONDESA,,,,06140,09,CIUDAD DE MEXICO,015,CuauhtEmoc,0001,CuauhtEmoc,1303,001,5555534114,,,Fijo,19.41350884,-99.1794893,01JUL10:00:00:00,CUAUHTEMOC
-99.1436125,19.37124347,964366,LA OAXAQUENITA,,722511,Restaurantes con servicio de preparaciOn de alimentos a la carta o de comida corrida,6 a 10 personas,CALLE,SANTA CRUZ,CALLE,JUAN ESCUTIA,CALLE,CINCO DE FEBRERO,CALLE,LIBERTAD,,SN,,,,SN,COLONIA,SAN SIMON TICUMAC,MERCADO PUBLICO,MERCADO 30 PORTALES,75 153,03660,09,CIUDAD DE MEXICO,014,Benito JuArez,0001,Benito JuArez,0651,030,,,,Fijo,19.37124347,-99.1436125,01JUL10:00:00:00,BENITO_JUAREZ
-99.20365611,19.49333152,640961,LAS OAXAQUENAS,,722518,Restaurantes que preparan otro tipo de alimentos para llevar,0 a 5 personas,CALLE,SAN JUAN TLIHUACA,PEATONAL,DEL MERCADO,CALLE,VICTOR HERNANDEZ,CALLE,FORTUNATO ZUAZUA,224,,,,78,,COLONIA,PUEBLO SAN JUAN TLIHUACA,,SAN JUAN TLIHUACA,"78, 79,",02400,09,CIUDAD DE MEXICO,002,Azcapotzalco,0001,Azcapotzalco,1004,002,,,,Fijo,19.49333152,-99.20365611,01JUL10:00:00:00,AZCAPOTZALCO
-99.15408446,19.43722852,1016875,LONCHERIA LA OAXAQUENA,LA OAXAQUENA,722511,Restaurantes con servicio de preparaciOn de alimentos a la carta o de comida corrida,0 a 5 personas,CALLE,PONCIANO ARRIAGA,CALLE,AVENIDA DE LA REPUBLICA,CALLE,TOMAS ALVA EDISON,CALLE,JOSE MARIA IGLESIAS,27,A,,,,,COLONIA,TABACALERA,,,,06030,09,CIUDAD DE MEXICO,015,CuauhtEmoc,0001,CuauhtEmoc,070A,002,5555353356,,,Fijo,19.43722852,-99.15408446,01JUL10:00:00:00,CUAUHTEMOC
-99.18473001,19.40383066,775052,LOS MACHETES DE OAXACA,,722513,Restaurantes con servicio de preparaciOn de antojitos,0 a 5 personas,CIRCUITO,BICENTENARIO (AVENIDA RE,CALLE,JOSE MARTI,CALLE,ANTONIO MACEO,AVENIDA,JALISCO,119,L 4,,,,,COLONIA,TACUBAYA,,,,11870,09,CIUDAD DE MEXICO,016,Miguel Hidalgo,0001,Miguel Hidalgo,1175,004,5559155487,,,Fijo,19.40383066,-99.18473001,01JUL10:00:00:00,MIGUEL_HIDALGO
-99.29134167,19.36057402,920095,LOS OAXAQUENOS,,722511,Restaurantes con servicio de preparaciOn de alimentos a la carta o de comida corrida,6 a 10 personas,AVENIDA,JOSE MARIA CASTORENA,CALLE,QUINTA CERRADA JOSE MARIA CASTORE,CALLE,ANTONIO ANCONA,CALLE,ANTONIO ANCONA,351,,,,,,COLONIA,CUAJIMALPA,,,,05000,09,CIUDAD DE MEXICO,004,Cuajimalpa de Morelos,0001,Cuajimalpa de Morelos,0104,025,5562779853,,,Fijo,19.36057402,-99.29134167,01DEC14:00:00:00,CUAJIMALPA
-99.13936032,19.55248489,634118,LOS SABORES OAXAQUENOS,,722513,Restaurantes con servicio de preparaciOn de antojitos,0 a 5 personas,CALLE,FRANCISCO VILLA,CALLE,MORELIA,CALLE,LA PIEDDA,CALLE,LA PIEDAD,,SN,,,,,COLONIA,LOMA LA PALMA,,,,07160,09,CIUDAD DE MEXICO,005,Gustavo A. Madero,0001,Gustavo A. Madero,0084,023,5543340867,,,Fijo,19.55248489,-99.13936032,01JUL10:00:00:00,GUSTAVO_A._MADERO
-99.20204789,19.45442482,688745,MEMELAS LA OAXAQUENA,,722513,Restaurantes con servicio de preparaciOn de antojitos,0 a 5 personas,CALLE,LAGO VIEDMA,CALLE,LAGO CANEGUIN,CALLE,IGNACIO ALLENDE,CALLE,PONIENTE 141,108,,,PLANTA BAJA,,,COLONIA,ARGENTINA ANTIGUA,,,,11270,09,CIUDAD DE MEXICO,016,Miguel Hidalgo,0001,Miguel Hidalgo,011A,011,5553997765,,,Fijo,19.45442482,-99.20204789,01JUL10:00:00:00,MIGUEL_HIDALGO
-99.14878105,19.44164739,1013487,OAXACA EN MEXICO,,722511,Restaurantes con servicio de preparaciOn de alimentos a la carta o de comida corrida,6 a 10 personas,CALLE,VIOLETA,CALLE,GUERRERO,CALLE,ZARAGOZA,CALLE,PEDRO MORENO,92,,,,,,COLONIA,GUERRERO,,,,06350,09,CIUDAD DE MEXICO,015,CuauhtEmoc,0001,CuauhtEmoc,0610,004,5555924091,,,Fijo,19.44164739,-99.14878105,01JUL10:00:00:00,CUAUHTEMOC
-99.16164456,19.34965655,904812,OAXACA EN MEXICO,,722513,Restaurantes con servicio de preparaciOn de antojitos,0 a 5 personas,CALLE,AVENIDA MIGUEL HIDALGO,CALLE,IGNACIO ALLENDE,CALLE,ABASOLO,CALLE,MALINTZIN,299,B,,,,,COLONIA,DEL CARMEN,,,,04100,09,CIUDAD DE MEXICO,003,CoyoacAn,0001,CoyoacAn,0145,010,5555548953,,,Fijo,19.34965655,-99.16164456,01DEC14:00:00:00,COYOACAN
-99.15497288,19.42640745,1042727,OAXACA Y SUS PRODUCTOS,,722514,Restaurantes con servicio de preparaciOn de tacos y tortas,0 a 5 personas,CALLE,ABRAHAM GONZALEZ,AVENIDA,CHAPULTEPEC,CALLE,TURIN,EJE VIAL,1 PONIENTE (AVENIDA BUCARELI),8,,,,226,,COLONIA,JUAREZ,,MERCADO JUAREZ,,6600,09,CIUDAD DE MEXICO,015,CuauhtEmoc,0001,CuauhtEmoc,0856,019,5555460903,,,Fijo,19.42640745,-99.15497288,01JUL10:00:00:00,CUAUHTEMOC
-99.15607629,19.44942848,877130,OAXACAQUI,,722518,Restaurantes que preparan otro tipo de alimentos para llevar,0 a 5 personas,CALLE,DOCTOR ATL,CALLE,MANUEL CARPIO,CALLE,SALVADOR DIAZ MIRON,CALLE,DOCTOR ENRIQUE GONZALEZ MARTINEZ,205,,,,,B,COLONIA,SANTA MARIA LA RIBERA,,,,06400,09,CIUDAD DE MEXICO,015,CuauhtEmoc,0001,CuauhtEmoc,0485,001,5551507187,,,Fijo,19.44942848,-99.15607629,01JUL10:00:00:00,CUAUHTEMOC
-99.16754336,19.32561989,906011,PIZZA MIXES,,722517,"Restaurantes con servicio de preparaciOn de pizzas, hamburguesas, hot dogs y pollos rostizados par",0 a 5 personas,CALLE,XOCHIAPAN,CALLE,AMATL,CALLE,TEJAMANIL,CALLE,GUAMUCHIL,56,,,,4,,COLONIA,PEDREGAL DE SANTO DOMINGO,,,,04369,09,CIUDAD DE MEXICO,003,CoyoacAn,0001,CoyoacAn,0624,009,5556176102,,,Fijo,19.32561989,-99.16754336,01DEC14:00:00:00,COYOACAN
-99.12555893,19.43201917,999074,PRODUCTOS DE OAXACA EL TULE,,722513,Restaurantes con servicio de preparaciOn de antojitos,0 a 5 personas,CALLE,SOLEDAD,EJE VIAL,1 ORIENTE (ANILLO DE CIRCUNVALACI,CALLE,CALLEJON LECHERAS,CALLE,CORREGIDORA,65,,,,,,COLONIA,CENTRO,"TIANGUIS, BAZAR O P",PLAZA SOLEDAD,207,06090,09,CIUDAD DE MEXICO,015,CuauhtEmoc,0001,CuauhtEmoc,0786,004,5422228,,,Fijo,19.43201917,-99.12555893,01JUL10:00:00:00,CUAUHTEMOC
-99.10219381,19.46660975,677987,PRODUCTOS DE OAXACA SABOR,,722513,Restaurantes con servicio de preparaciOn de antojitos,0 a 5 personas,AVENIDA,VICTORIA ORIENTE (ORIENT,CALLE,NORTE 80,CALLE,NORTE 80-A,AVENIDA,VICTORIA ORIENTE (ORIENTE 117),4050,,,,,,COLONIA,GERTRUDIS SANCHEZ 2,,,SN,07948,09,CIUDAD DE MEXICO,005,Gustavo A. Madero,0001,Gustavo A. Madero,1877,013,,,,Fijo,19.46660975,-99.10219381,01DEC14:00:00:00,GUSTAVO_A._MADERO
-99.19617806,19.4177818,691471,PUESTO DE TLAYUDAS SIN NOMBRE,,722513,Restaurantes con servicio de preparaciOn de antojitos,0 a 5 personas,CALLE,AVENIDA DE LOS COMPOSITO,ANDADOR,AVENIDA DE LOS COMPOSITORES,CALLE,F.C. DE CUERNAVACA (CICLOPIS,PEATONAL,NINGUNO,,SN,,,,,COLONIA,BOSQUES DE CHAPULTEPEC,,,,11000,09,CIUDAD DE MEXICO,016,Miguel Hidalgo,0001,Miguel Hidalgo,1014,014,,,,Semifi,19.4177818,-99.19617806,01DEC14:00:00:00,MIGUEL_HIDALGO
-99.09794781,19.4637741,802236,QUE LINDO ES OAXACA,,722511,Restaurantes con servicio de preparaciOn de alimentos a la carta o de comida corrida,6 a 10 personas,CALLE,NORTE 92,AVENIDA,VICTORIA ORIENTE (ORIENTE 117),CALLE,ORIENTE 115,CALLE,NORTE 94,5901,,,,,,COLONIA,GERTRUDIS SANCHEZ 2,,,SN,07849,09,CIUDAD DE MEXICO,005,Gustavo A. Madero,0001,Gustavo A. Madero,2080,024,5555519422,,,Fijo,19.4637741,-99.09794781,01JUL10:00:00:00,GUSTAVO_A._MADERO
-99.07434354,19.39042906,803070,RESTAURANTE BAR LA FLOR DE OAXACA,,722511,Restaurantes con servicio de preparaciOn de alimentos a la carta o de comida corrida,11 a 30 personas,EJE VIAL,5 ORIENTE (JAVIER ROJO G,CALLE,ORIENTE 239-B,EJE VIAL,5 ORIENTE (JAVIER ROJO GOMEZ,CALLE,ORIENTE 239-C,421,,,,,,COLONIA,AGRICOLA ORIENTAL,,,,08500,09,CIUDAD DE MEXICO,006,Iztacalco,0001,Iztacalco,0518,008,5557161376,,,Fijo,19.39042906,-99.07434354,01JUL10:00:00:00,IZTACALCO
-99.14765833,19.40062814,962166,RESTAURANTE BAR OAXACA,,722511,Restaurantes con servicio de preparaciOn de alimentos a la carta o de comida corrida,6 a 10 personas,AVENIDA,DIAGONAL SAN ANTONIO,CALLE,DOCTOR JOSE MARIA BARRAGAN,CALLE,ZEMPOALA,CALLE,LA QUEBRADA,1817,,,,,D,COLONIA,NARVARTE,,,,03020,09,CIUDAD DE MEXICO,014,Benito JuArez,0001,Benito JuArez,0098,016,5555304859,,,Fijo,19.40062814,-99.14765833,01JUL10:00:00:00,BENITO_JUAREZ
-99.09914049,19.39745226,787165,RESTAURANTE LA FLOR DE OAXACA,,722511,Restaurantes con servicio de preparaciOn de alimentos a la carta o de comida corrida,0 a 5 personas,CIRCUITO,INTERIOR (AVENIDA RIO CH,EJE VIAL,4 SUR (TE),CALLE,CANELA,CALLE,GOMA,341,,,,,,COLONIA,GRANJAS MEXICO,,,,08400,09,CIUDAD DE MEXICO,006,Iztacalco,0001,Iztacalco,0132,015,5556491977,,,Fijo,19.39745226,-99.09914049,01JUL10:00:00:00,IZTACALCO
-99.15728017,19.40145063,956722,RESTAURANTE LA FLOR DE OAXACA,,722511,Restaurantes con servicio de preparaciOn de alimentos a la carta o de comida corrida,0 a 5 personas,CALLE,CASA DEL OBRERO MUNDIAL,CALLE,PITAGORAS,CALLE,PESTALOZZI,CALLE,ESPERANZA,363,A B,,,,,COLONIA,NARVARTE,,,,03020,09,CIUDAD DE MEXICO,014,Benito JuArez,0001,Benito JuArez,0064,008,5556381223,,,Fijo,19.40145063,-99.15728017,01JUL10:00:00:00,BENITO_JUAREZ
-99.14102974,19.36994634,973803,RESTAURANTE LA OAXAQUENA,,722511,Restaurantes con servicio de preparaciOn de alimentos a la carta o de comida corrida,6 a 10 personas,CALLE,HAMBURGO,AVENIDA,CALZADA DE TLALPAN,CALLE,BERLIN,CALLE,BREMEN,8,,,,,,COLONIA,ALBERT,,,,03560,09,CIUDAD DE MEXICO,014,Benito JuArez,0001,Benito JuArez,0670,023,5556723696,RLAOAXAQUENA@GMAIL.COM,,Fijo,19.36994634,-99.14102974,01JUL10:00:00:00,BENITO_JUAREZ
-99.14221558,19.37220729,965816,RESTAURANTE LA OAXAQUENA,,722511,Restaurantes con servicio de preparaciOn de alimentos a la carta o de comida corrida,11 a 30 personas,CALLE,LIBERTAD,AVENIDA,CALZADA DE TLALPAN,CALLE,REFORMA,CALLE,SANTA CRUZ,18,,,,,,COLONIA,SAN SIMON TICUMAC,,,,03660,09,CIUDAD DE MEXICO,014,Benito JuArez,0001,Benito JuArez,0651,028,5556720509,,,Fijo,19.37220729,-99.14221558,01JUL10:00:00:00,BENITO_JUAREZ
-99.11240825,19.36082252,661356,RESTAURANTE LA OAXAQUENA,,722511,Restaurantes con servicio de preparaciOn de alimentos a la carta o de comida corrida,11 a 30 personas,CALLE,ATANASIO G. SARABIA,CALLE,TENIENTE ROBERTO GOMEZ MORENO,CALLE,TENIENTE FAUSTO VEGA SANTAND,CALLE,ATANASIO G. SARABIA,,SN,ROBER,,,,COLONIA,ESCUADRON 201,,,,09060,09,CIUDAD DE MEXICO,007,Iztapalapa,0001,Iztapalapa,0958,008,5556702794,JAVIERPAVONORTIZ@HOTMAIL.COM,,Fijo,19.36082252,-99.11240825,01JUL10:00:00:00,IZTAPALAPA
-99.15042401,19.35145504,983731,RESTAURANTE OAXACA EN MEXICO,,722511,Restaurantes con servicio de preparaciOn de alimentos a la carta o de comida corrida,0 a 5 personas,CALLE,HEROES DEL 47,PRIVADA,VILLAMAR,CALLE,CONVENTO DE CHURUBUSCO,CALLE,AVENIDA MIGUEL HIDALGO,121,,,,,,COLONIA,PARQUE SAN ANDRES,,,,04030,09,CIUDAD DE MEXICO,003,CoyoacAn,0001,CoyoacAn,0060,006,5556010049,,,Fijo,19.35145504,-99.15042401,01JUL10:00:00:00,COYOACAN
-99.11920479,19.47606951,788203,RESTAURANTE OAXAQUENO TANGUYU,,722511,Restaurantes con servicio de preparaciOn de alimentos a la carta o de comida corrida,11 a 30 personas,CALLE,JOYAS,CALLE,AZABACHE,CALLE,AMATISTA,CALLE,TESORO,23,,,,,SN,COLONIA,ESTRELLA,,,,07810,09,CIUDAD DE MEXICO,005,Gustavo A. Madero,0001,Gustavo A. Madero,1792,012,5557819705,TANGUYU@LIVE.COM.MX,,Fijo,19.47606951,-99.11920479,01JUL10:00:00:00,GUSTAVO_A._MADERO
-99.14617523,19.43947708,890135,RESTAURANTE SIN NOMBRE,COMIDA OAXAQUENA,722511,Restaurantes con servicio de preparaciOn de alimentos a la carta o de comida corrida,0 a 5 personas,CALLE,MINA,AVENIDA,PASEO DE LA REFORMA,CALLE,ZARCO,CALLE,VIOLETA,110,A,,,,,COLONIA,GUERRERO,,,,06300,09,CIUDAD DE MEXICO,015,CuauhtEmoc,0001,CuauhtEmoc,0625,001,,,,Fijo,19.43947708,-99.14617523,01DEC14:00:00:00,CUAUHTEMOC
-99.15269754,19.43290703,1016370,RESTAURANTE TIPICO AQUI EN OAXACA.,,722511,Restaurantes con servicio de preparaciOn de alimentos a la carta o de comida corrida,0 a 5 personas,AVENIDA,MORELOS,AVENIDA,PASEO DE LA REFORMA,CALLE,ABRAHAM GONZALEZ,CALLE,DONATO GUERRA,89,A,89,PLANTA BAJA,,,COLONIA,JUAREZ,,,,06600,09,CIUDAD DE MEXICO,015,CuauhtEmoc,0001,CuauhtEmoc,0803,011,5555350334,RESTAURANTESAQUIESOAXACA@HOTM,,Fijo,19.43290703,-99.15269754,01JUL10:00:00:00,CUAUHTEMOC
-99.1454477,19.43139705,988567,RESTAURANTE TIPICO OAXACA EN MEXICO,,722511,Restaurantes con servicio de preparaciOn de alimentos a la carta o de comida corrida,0 a 5 personas,CALLE,LUIS MOYA,CALLE,AYUNTAMIENTO,CALLE,VICTORIA,CALLE,REVILLAGIGEDO,59,,,,,,COLONIA,CENTRO,,,,06010,09,CIUDAD DE MEXICO,015,CuauhtEmoc,0001,CuauhtEmoc,0748,022,5555104021,,,Fijo,19.43139705,-99.1454477,01JUL10:00:00:00,CUAUHTEMOC
-99.13602818,19.43446933,1006722,RESTAUTRANTE BAR SAZON OAXAQUENO,,722511,Restaurantes con servicio de preparaciOn de alimentos a la carta o de comida corrida,11 a 30 personas,CALLE,ISABEL LA CATOLICA,CALLE,TACUBA,CALLE,5 DE MAYO,CALLE,PALMA,10,,,,,,COLONIA,CENTRO,,,,06000,09,CIUDAD DE MEXICO,015,CuauhtEmoc,0001,CuauhtEmoc,0771,019,5555213282,SAZONOAXACA@HOTAIL.COM,,Fijo,19.43446933,-99.13602818,01JUL10:00:00:00,CUAUHTEMOC
-99.10736953,19.4307778,660290,RINCON OAXAQUENO,,722511,Restaurantes con servicio de preparaciOn de alimentos a la carta o de comida corrida,0 a 5 personas,CALLE,CARLOS SANTANA,CALLE,LUIS PRECIADO DE LA TORRE,CALLE,MARTINEZ DE ALBA,CALLE,NINGUNO,,SN,,,,,COLONIA,MOCTEZUMA 1A SECCION,,,,15500,09,CIUDAD DE MEXICO,017,Venustiano Carranza,0001,Venustiano Carranza,0526,013,5557849382,,,Fijo,19.4307778,-99.10736953,01JUL10:00:00:00,VENUSTIANO_CARRANZA
-99.00893593,19.25258325,1040617,TAQUERIA EL OAXACO,,722514,Restaurantes con servicio de preparaciOn de tacos y tortas,0 a 5 personas,AVENIDA,DIVISION DEL NORTE,CALLE,MIXCALCO,CALLE,NICOLAS BRAVO,CALLE,AVENIDA DE LA PAZ,,SN,,,,,BARRIO,CALYEQUITA,,,,16750,09,CIUDAD DE MEXICO,013,Xochimilco,0001,Xochimilco,0565,009,,,,Fijo,19.25258325,-99.00893593,01JUL10:00:00:00,XOCHIMILCO
-99.22357294,19.37451477,1033276,TAQUERIA LA FOGATA AYUUUJK,,722514,Restaurantes con servicio de preparaciOn de tacos y tortas,0 a 5 personas,PROLONGAC,LERDO DE TEJADA,CALLE,PUERTO SAN JOSE,CALLE,PUERTO ESCONDIDO,CALLE,PUERTO ESCONDIDO,17,MZ 1,,,,SN,COLONIA,1 AMPLIACION PRESIDENTE,,,,01290,09,CIUDAD DE MEXICO,010,Alvaro ObregOn,0001,Alvaro ObregOn,1580,060,,,,Fijo,19.37451477,-99.22357294,01DEC14:00:00:00,ALVARO_OBREGON
-99.16361341,19.3299897,996958,TAQUERIA LA LUPITA MIXE,,722514,Restaurantes con servicio de preparaciOn de tacos y tortas,0 a 5 personas,AVENIDA,ESCUINAPA,CALLE,PAPALOTL,CALLE,CANAHUTLI,CALLE,ATEPOCATL,285,,,,,SN,COLONIA,PEDREGAL DE SANTO DOMINGO,,,,04369,09,CIUDAD DE MEXICO,003,CoyoacAn,0001,CoyoacAn,0639,023,,,,Fijo,19.3299897,-99.16361341,01JUL10:00:00:00,COYOACAN
-99.23755565,19.36736925,923028,TAQUERIA LA OAXAQUENA,,722514,Restaurantes con servicio de preparaciOn de tacos y tortas,0 a 5 personas,AVENIDA,TAMAULIPAS,CALLE,ENCINO,ANDADOR,ROBLE,CALLE,ROBLE,23,,,,,,COLONIA,GARCIMARRERO NORTE,,,,01510,09,CIUDAD DE MEXICO,010,Alvaro ObregOn,0001,Alvaro ObregOn,053A,026,,,,Fijo,19.36736925,-99.23755565,01DEC14:00:00:00,ALVARO_OBREGON
-99.12470345,19.32407758,1060406,TAQUERIA LA SIERRA DE OAXACA,,722514,Restaurantes con servicio de preparaciOn de tacos y tortas,6 a 10 personas,EJE VIAL,2 ORIENTE (HEROICA ESCUE,CALLE,MANUELA SAENZ,CERRADA,3 J. M. GONZALEZ,CALLE,AVENIDA ALFREDO V. BONFIL,,SN,,,,,COLONIA,PRESIDENTES EJIDALES,,,,04470,09,CIUDAD DE MEXICO,003,CoyoacAn,0001,CoyoacAn,1707,019,5557899015,,,Fijo,19.32407758,-99.12470345,01JUL10:00:00:00,COYOACAN
-99.14056698,19.52513498,655562,TAQUERIA LAS BRASITAS MIXE,,722514,Restaurantes con servicio de preparaciOn de tacos y tortas,0 a 5 personas,AVENIDA,PUERTO MAZATLAN,AVENIDA,PUERTO MAZATLAN,CALLE,JAVIER SOLIS,CALLEJON,L. F.,110,,,,,,COLONIA,JORGE NEGRETE,,,,07280,09,CIUDAD DE MEXICO,005,Gustavo A. Madero,0001,Gustavo A. Madero,0328,015,,,,Fijo,19.52513498,-99.14056698,01JUL10:00:00:00,GUSTAVO_A._MADERO
-99.11282143,19.39793206,787212,TAQUERIA LOS MIXES,,722514,Restaurantes con servicio de preparaciOn de tacos y tortas,0 a 5 personas,EJE VIAL,4 SUR (PLUTARCO ELIAS CA,CERRADA,318,EJE VIAL,3 ORIENTE (FRANCISCO DEL PAS,CALLE,TONACINTLA,318,,,,,,COLONIA,PRESIDENTE PLUTARCO ELIAS C,,,,08710,09,CIUDAD DE MEXICO,006,Iztacalco,0001,Iztacalco,0414,016,,,,Fijo,19.39793206,-99.11282143,01JUL10:00:00:00,IZTACALCO
-99.17201063,19.32890891,992571,TAQUERIA LOS MIXES,,722514,Restaurantes con servicio de preparaciOn de tacos y tortas,0 a 5 personas,CALLE,ANACAHUITA,ANDADOR,NINGUNO,ANDADOR,PRIMERA,AVENIDA,ANTONIO DELFIN MADRIGAL,232,,,,,,COLONIA,PEDREGAL DE SANTO DOMINGO,,,,04369,09,CIUDAD DE MEXICO,003,CoyoacAn,0001,CoyoacAn,061A,004,,,,Fijo,19.32890891,-99.17201063,01JUL10:00:00:00,COYOACAN
-99.11423388,19.32635358,976465,TAQUERIA LOS MIXES,,722514,Restaurantes con servicio de preparaciOn de tacos y tortas,0 a 5 personas,CALLE,MARIQUITA SANCHEZ,EJE VIAL,3 ORIENTE (ARMADA DE MEXICO),ANDADOR,DECIMO QUINTO,ANDADOR,DECIMO QUINTO,124,,,,,,COLONIA,CULHUACAN SECTOR 2,,,,04490,09,CIUDAD DE MEXICO,003,CoyoacAn,0001,CoyoacAn,1285,045,5558405324,,,Fijo,19.32635358,-99.11423388,01JUL10:00:00:00,COYOACAN
-99.02329053,19.36060002,824985,TAQUERIA LOS OAXACOS,,722514,Restaurantes con servicio de preparaciOn de tacos y tortas,0 a 5 personas,AVENIDA,CIRCUNVALACION,CALLE,JUAN SARABIA,CALLE,JOSE MARIA FACHA,CALLE,FRANCISCO FLORES,2066,,,,,,COLONIA,SANTA MARTHA ACATITLA SUR,,,,09510,09,CIUDAD DE MEXICO,007,Iztapalapa,0001,Iztapalapa,0835,004,,,,Fijo,19.36060002,-99.02329053,01DEC14:00:00:00,IZTAPALAPA
-99.08651707,19.24736648,1033086,TAQUERIA LOS OAXACOS,,722514,Restaurantes con servicio de preparaciOn de tacos y tortas,0 a 5 personas,AVENIDA,NUEVA XOCHIMILCO-TULYEHU,CALLE,COCOXOCHITL,CALLE,MARGARITA MAZA DE JUAREZ,CALLE,CONSTITUCION,,SN,,,,,COLONIA,XOCHIPILLI,,,,16430,09,CIUDAD DE MEXICO,013,Xochimilco,0001,Xochimilco,0461,070,,,,Fijo,19.24736648,-99.08651707,01JUL10:00:00:00,XOCHIMILCO
-99.15714158,19.32173171,910873,TAQUERIA LOS TAURINOS AYUUK,,722514,Restaurantes con servicio de preparaciOn de tacos y tortas,0 a 5 personas,CALLE,REY TOPILTZIN,CALLE,CHICHIMECAS,CALLE,NAHUATLACAS,CALLE,REYNA IXTLIXOCHITL,,SN,,,,,COLONIA,AJUSCO,,,,04300,09,CIUDAD DE MEXICO,003,CoyoacAn,0001,CoyoacAn,0643,002,,,,Fijo,19.32173171,-99.15714158,01DEC14:00:00:00,COYOACAN
-99.13500461,19.51547254,660700,TAQUERIA MARISOL ESTILO OAXACENO,,722514,Restaurantes con servicio de preparaciOn de tacos y tortas,0 a 5 personas,CALZADA,TICOMAN,CALLE,ESCUADRON 201,CALLE,BANDERA,CALLE,ANO 1810,1654,,,,,,COLONIA,LAGUNA TICOMAN,,,,07330,09,CIUDAD DE MEXICO,005,Gustavo A. Madero,0001,Gustavo A. Madero,0559,012,,,,Fijo,19.51547254,-99.13500461,01JUL10:00:00:00,GUSTAVO_A._MADERO
-99.13812492,19.49098861,740025,TAQUERIA MIXE,"MIXE TACOS, S.A. DE C.V.",722514,Restaurantes con servicio de preparaciOn de tacos y tortas,11 a 30 personas,CALZADA,AZCAPOTZALCO LA VILLA,CALLE,RECIFE,CALLE,ETEN,CALLE,RICARTE,1133,,,,,,COLONIA,LINDAVISTA,,,,07300,09,CIUDAD DE MEXICO,005,Gustavo A. Madero,0001,Gustavo A. Madero,1097,015,5557527511,,,Fijo,19.49098861,-99.13812492,01JUL10:00:00:00,GUSTAVO_A._MADERO
-99.04127893,19.3009358,942901,TAQUERIA MIXE,,722514,Restaurantes con servicio de preparaciOn de tacos y tortas,0 a 5 personas,CALLE,JUAN DE DIOS PEZA,AVENIDA,TLAHUAC,CALLE,MANUEL M FLORES,CALLE,AMADO NERVO,64,,,,,,COLONIA,ZAPOTITLA,,,,13260,09,CIUDAD DE MEXICO,011,TlAhuac,0001,TlAhuac,1342,021,,,,Fijo,19.3009358,-99.04127893,01DEC14:00:00:00,TLAHUAC
-99.18335205,19.2147926,915294,TAQUERIA MIXE,,722514,Restaurantes con servicio de preparaciOn de tacos y tortas,0 a 5 personas,CALLE,VIENTO,CALLE,BRISA,CALLE,ARBOLADA,CALLE,ARBOLADA,2,MZ 2,,,,,COLONIA,JARDINES DE SAN JUAN,,,,14700,09,CIUDAD DE MEXICO,012,Tlalpan,0026,San Miguel Ajusco,2403,009,,,,Fijo,19.2147926,-99.18335205,01DEC14:00:00:00,TLALPAN
-98.99629776,19.21239269,873511,TAQUERIA MIXES,,722514,Restaurantes con servicio de preparaciOn de tacos y tortas,0 a 5 personas,AVENIDA,JOSE MARIA MORELOS,CALLE,16 DE SEPTIEMBRE,PRIVADA,MORELOS,CALLE,FRAY PEDRO DE GANTE,,SN,,,,,PUEBLO,SAN ANTONIO TECOMITL,,,,12100,09,CIUDAD DE MEXICO,009,Milpa Alta,0011,San Antonio TecOmitl,0420,046,,,,Fijo,19.21239269,-98.99629776,01JUL10:00:00:00,MILPA_ALTA
-99.11811234,19.46983817,675630,TAQUERIA OAXACA,,722514,Restaurantes con servicio de preparaciOn de tacos y tortas,0 a 5 personas,CALLE,HENRY FORD,CALLE,OTILIA,CALLE,MARTHA,CALLE,SAUL,105,,,,,SN,COLONIA,GUADALUPE TEPEYAC,,,,07840,09,CIUDAD DE MEXICO,005,Gustavo A. Madero,0001,Gustavo A. Madero,181A,026,,,,Fijo,19.46983817,-99.11811234,01DEC14:00:00:00,GUSTAVO_A._MADERO
-99.12644968,19.23743482,941889,TAQUERIA PUERTO MIXE,,722514,Restaurantes con servicio de preparaciOn de tacos y tortas,0 a 5 personas,CALLE,LICENCIADO MARTINEZ DE C,CALLE,CAMINO ANTIGUO A SANTIAGO,CALLE,CUAUHTEMOC,CALLE,NINGUNO,320,,,,,,PUEBLO,SAN MATEO XALPA,,,,16800,09,CIUDAD DE MEXICO,013,Xochimilco,0001,Xochimilco,0828,022,,,,Fijo,19.23743482,-99.12644968,01DEC14:00:00:00,XOCHIMILCO
-99.13741898,19.49111262,739976,TAQUERIA PUERTO MIXE OAXACA,,722514,Restaurantes con servicio de preparaciOn de tacos y tortas,6 a 10 personas,CALZADA,AZCAPOTZALCO LA VILLA,CALLE,NATAL,CALLE,OROYA,EJE VIAL,5 NORTE (MONTEVIDEO),1262,,,,,,COLONIA,LINDAVISTA,,,,07300,09,CIUDAD DE MEXICO,005,Gustavo A. Madero,0001,Gustavo A. Madero,1097,008,555192888,,,Fijo,19.49111262,-99.13741898,01JUL10:00:00:00,GUSTAVO_A._MADERO
-99.20694283,19.50072074,639714,TLAYUDA,,722513,Restaurantes con servicio de preparaciOn de antojitos,0 a 5 personas,CALLE,HACIENDA DEL ROSARIO,AVENIDA,CALZADA DE LAS ARMAS,CALLE,HACIENDA SOTELO,CALLE,ZEMPOALTECAS,,SN,,,,,COLONIA,PRADOS DEL ROSARIO,,PARQUE TEZOZOMOC,,02410,09,CIUDAD DE MEXICO,002,Azcapotzalco,0001,Azcapotzalco,0148,007,,,,Fijo,19.50072074,-99.20694283,01JUL10:00:00:00,AZCAPOTZALCO
-99.05841797,19.41772976,711002,TLAYUDAS OAXAQUENAS,,722513,Restaurantes con servicio de preparaciOn de antojitos,0 a 5 personas,CALLE,SAN LUIS,CALLE,5,CALLE,6,CALLE,PRIVADA NUCLEOS,,SN,,PLANTA BAJA,,,COLONIA,AGRICOLA PANTITLAN,,,,08100,09,CIUDAD DE MEXICO,006,Iztacalco,0001,Iztacalco,0039,005,,,,Fijo,19.41772976,-99.05841797,01DEC14:00:00:00,IZTACALCO
-99.16176162,19.41420976,863879,TLAYUDERIA,,722514,Restaurantes con servicio de preparaciOn de tacos y tortas,0 a 5 personas,CALLE,TONALA,EJE VIAL,2A SUR (SAN LUIS POTOSI),EJE VIAL,2 SUR (AVENIDA QUERETARO),EJE VIAL,2 SUR (AVENIDA YUCATAN),155,,,,,,COLONIA,ROMA NORTE,,,,06700,09,CIUDAD DE MEXICO,015,CuauhtEmoc,0001,CuauhtEmoc,1214,006,5547511951,CARLOAPERI@HOTMAIL.COM,,Fijo,19.41420976,-99.16176162,01JUL10:00:00:00,CUAUHTEMOC
-99.08845233,19.4513942,678454,TLAYUDERIA 504,,722513,Restaurantes con servicio de preparaciOn de antojitos,0 a 5 personas,CALLE,AVENIDA 504,CALLE,AVENIDA 543,CALLE,AVENIDA 545,CALLE,SEGUNDA 543,26,,,,,,COLONIA,UNIDAD HABITACIONAL SAN JUA,,,,07969,09,CIUDAD DE MEXICO,005,Gustavo A. Madero,0001,Gustavo A. Madero,2324,010,,,,Fijo,19.4513942,-99.08845233,01DEC14:00:00:00,GUSTAVO_A._MADERO
-99.14320827,19.43068289,992849,TORTAS OAXACA,,722514,Restaurantes con servicio de preparaciOn de tacos y tortas,0 a 5 personas,CALLE,DOLORES,CALLE,VICTORIA,CALLE,AYUNTAMIENTO,CALLE,ARANDA,25,,,,4,,COLONIA,CENTRO,,,,06050,09,CIUDAD DE MEXICO,015,CuauhtEmoc,0001,CuauhtEmoc,0748,018,,,,Fijo,19.43068289,-99.14320827,01JUL10:00:00:00,CUAUHTEMOC
-99.12303147,19.42761709,768645,VENTA DE COMIDA OAXAQUENA SIN NOMBRE,,722511,Restaurantes con servicio de preparaciOn de alimentos a la carta o de comida corrida,0 a 5 personas,CALLE,ROSARIO,CALLE,GENERAL ANAYA,CALLE,ABRAHAM OLVERA,CALLE,SAN CIPRIAN,120,,,,,SN,COLONIA,ZONA CENTRO,MERCADO PUBLICO,MERCADO DE COMIDAS,181,15100,09,CIUDAD DE MEXICO,017,Venustiano Carranza,0001,Venustiano Carranza,0583,005,,,,Fijo,19.42761709,-99.12303147,01JUL10:00:00:00,VENUSTIANO_CARRANZA
-99.10674693,19.41165356,755493,VENTA DE TLACOYOS EL OAXACO,,722513,Restaurantes con servicio de preparaciOn de antojitos,0 a 5 personas,CALLE,FERNANDO IGLESIAS CALDER,CALLE,LUIS DE LA ROSA,CALLE,NINGUNO,CERRADA,NINGUNO,8,,,,,,COLONIA,JARDIN BALBUENA,,,,15900,09,CIUDAD DE MEXICO,017,Venustiano Carranza,0001,Venustiano Carranza,1365,007,,,,Fijo,19.41165356,-99.10674693,01JUL10:00:00:00,VENUSTIANO_CARRANZA
